X1_Normal,X2_RightSkewed,X3_LeftSkewed,X4_Bimodal
89.97807249283049,48.54835381264103,141.22808244282908,76.13152810389987
92.52685714148356,51.78952589713064,179.2912213395844,92.02349439081198
109.27863730413155,20.439082491321166,196.32379600640124,75.72463439168322
108.53038371820253,70.48701763012906,155.87281977883694,87.07726360387403
120.25764221913909,46.19802561059124,193.72792696451583,81.22839798133478
124.44382799191007,39.279200952988106,178.27111585263032,76.78604432063486
104.52949317708183,62.186628904598194,196.98479256260802,81.70011643686315
106.74224764990582,37.917894758930004,195.30761709712618,94.06754613753601
94.81283324548603,39.93233215702272,181.01278963028358,81.1828521875969
95.27153755431543,1.6298153399525677,155.8460576513391,76.01951064123463
69.76042981766798,9.927975986054399,175.6980582947785,80.46768169406523
83.04653145003907,38.81274686018051,173.89641203049814,83.8101109623551
83.32230901462097,70.05168746019514,147.5858474057078,70.13662735144061
103.56776663800437,11.273191885166977,62.34915135943817,85.58822462247524
95.12305499660843,6.123189736059307,199.7660270127141,77.28051704914539
129.17053589821165,18.574931045045,199.99783341076238,81.25891787326525
128.73514047477647,57.205623383026214,149.08586791490183,82.93163978567586
113.80522533758705,0.4486292343543813,196.81721274388568,78.40774195991999
114.04597496827962,18.812110480896926,179.38685233976747,81.98593264940116
117.36328056953552,0.8364499190784125,146.08158878408437,72.18649815024267
98.40688440466118,68.96041555229638,122.89217528803044,79.47865928057689
98.66872548046663,62.711040746300576,140.60524959219256,78.80171911561776
85.42772220791329,5.825763845891518,188.14079028337025,67.10866724760473
94.2390926156582,29.4993051247135,194.27707367951425,72.8042613277017
117.09809027985352,43.079692688968414,188.299076348252,74.22271929128063
102.04557730040304,51.38238827791837,140.5277563432854,88.91965873960609
94.49577917853048,90.97249699630058,199.63836975622928,83.47884781121047
95.48371769388183,42.15275485176343,198.5508716790101,77.35783543536903
101.61459507285424,41.371101699317705,175.40434107371217,69.27927336644562
117.12452259502925,58.3920059801044,149.0845266933404,96.06162780011392
80.35706312209057,66.62966266628578,185.28598159417368,83.8318228154751
95.88428655386355,1.5156798158840799,151.50603126472663,80.07381887426267
112.9725518712304,13.66083108537452,192.59646674755493,93.59912480943312
78.40167904071595,32.06264499849558,122.53895699913724,87.66606320356333
119.87195824406734,16.516687296911865,142.83063265208804,75.8188019986173
87.50342455873935,3.6941050223809446,177.57057605328524,93.92022330819417
110.05440275951597,3.0194627075476244,176.2121312495181,84.05777517247766
101.29519815218721,2.857160738322712,193.02062084446132,79.29881294130662
105.32480677680465,16.959857046618218,115.83403020446477,87.94559987033621
81.81246157451889,6.085648949367187,178.909706921017,83.78605080425766
101.8053916564565,63.609705537893774,183.34260934672395,86.46763571770077
94.6167957023162,52.60294642840931,160.66289080477017,78.29168302881716
117.99904172375818,25.773884860181735,161.06387843732847,72.2532268159319
91.88374252889213,29.0068131620269,181.47024832555263,98.88057608303646
99.82381930697466,25.598607939763053,186.49086528430152,76.53339409197795
95.63104469133113,12.080780805825437,198.2185163214424,84.38372829114334
105.83750613712971,2.9356469671253653,186.75066546042154,95.7818606937889
118.02446328875459,30.005702874414258,158.63014944883986,88.583319698701
100.24306625068408,74.79933615265801,177.23995187843005,89.18331809242753
106.68148034417506,19.417027074436373,137.44948005750828,91.24852500048958
84.53337005099793,41.50494346062867,198.07693016077076,71.82373408933738
101.00698840906328,5.954668836250197,194.50846160433898,79.25131457863806
81.79823651295587,0.11841769380434583,180.099446987034,79.11914958441228
86.54774863110643,30.415689945269417,196.62477925510322,95.18772201188256
118.70123093255512,11.479907920987246,199.53095659501582,89.24987890503375
98.81087813146567,22.993203243133006,175.53944500967725,96.67166668410954
90.44655376486958,0.9639092996396234,162.97135078410537,88.37856719166331
100.20703701108702,51.48169269184488,191.27477850304112,88.95168121447317
79.04106419710465,13.552396433809095,120.18496222429857,80.2970689758353
125.89203094734734,13.988793823843668,185.80130003813687,76.65809857777872
92.62184530354803,45.38243369807565,150.59789297451516,83.90402094065342
103.81308273503801,53.08528018417117,183.47085178160353,83.82720793293933
95.97748068193097,21.956197389298126,166.6227829140495,81.52944900750605
99.00172440733664,101.39019645393356,198.32593849625758,81.34820651972171
84.73516956485949,123.59162201674725,165.36048563336556,79.47778209568608
95.10799799595021,45.4773441640378,185.76363570970634,76.13999764397815
110.06604904917862,58.12618018265688,195.09737691567142,82.59331827427087
90.49531804623571,104.63473578846987,196.52997179138038,89.37317849272458
97.9669523132245,19.07194555842753,172.10423157511104,84.76937415948157
127.20506821328541,1.1571425524564425,169.94398341665956,83.29712720708157
101.20649863530426,11.398783643659247,171.1917922934167,85.09879076006033
86.7633594281941,9.877293550605778,112.84887263969408,78.05790475788511
117.2900655332848,6.259854280806752,184.18511586206276,86.65303870376994
112.80907436848588,65.34528626388467,196.6182879489332,71.71349461692385
113.14679591978728,45.122447837208696,125.2127986675731,74.21579137444135
104.37524461774122,15.10954289151563,154.30714466845797,80.80627888298189
103.73837438153696,41.67846425733062,111.40186013469075,79.71880361765781
120.78110432958432,63.86035816338399,179.19373374820827,92.32564159635373
96.28615782765331,59.957457743750055,103.14924478982351,85.72477655068836
115.15561363660663,35.62505052337508,151.365313254814,78.10543245181405
104.60910282059326,30.545344234937886,172.71935980140682,73.42533859333281
112.09225126437153,5.915575135103935,197.12996474483393,61.688801932055334
101.07577815538505,82.81701245521168,174.82764981306462,98.03129068325072
96.29534994602511,11.993064543328277,135.5303482116992,86.642303033841
88.39959819752454,2.146111895071281,175.655356932322,70.24975659734794
87.07529925748541,92.92230876216091,165.45136052220863,81.38214948789425
117.00779362952031,2.693943789736577,175.7893657784097,85.61361659152416
88.15117234416188,3.8581464758705684,198.21836662931497,81.24734678496635
108.26867753845694,18.150273774856377,177.48191998232537,80.64791050265461
95.70853066453104,34.85852943298405,198.22716088217248,87.59547047276803
88.49190625285416,21.63115331956458,195.44665174312246,81.747946823075
116.4166687815736,37.22391071203849,193.57783887252555,69.43420914227211
124.05860964385701,5.543887744707031,170.5141101284085,69.63065663996268
71.33619314557457,15.822871202770084,180.34662674920546,67.25302792673276
101.93599613286155,16.330805777597636,183.99129664766693,78.03681087818224
109.39299512963775,6.2654207350014985,167.65203923444827,85.4210380967404
101.2472376663971,3.2175546456938813,137.9320890067067,80.72439211424322
134.83959952867195,37.90434710917888,159.3771819779767,74.38687207264549
134.2700759111659,31.90070910207099,171.9637275790182,96.09638414802113
105.95267632043088,10.461347594243586,199.47752429409582,71.67544971262019
88.89972740453445,37.38223090085396,186.24812466541923,74.45029219607949
87.19934732059205,38.787971777925755,183.10816734857895,83.07050970739185
69.40716749681992,5.549403692309401,176.2765623541086,70.19828737522278
117.61442711419768,42.51016399344781,181.05511254986885,69.8483434318091
85.73586801477724,3.019746814202765,159.6894444340499,79.31651909436634
110.35773178027368,87.17017118806085,151.49440937964334,85.49017220312251
111.47443490276547,5.60146709259689,186.33879686523096,61.73718370114196
92.91927570484205,44.68706886970657,196.06920536574287,76.25692003166908
88.16011844548396,14.806860345989417,99.06018537153713,81.45908141280896
98.93116783607269,123.86231454085477,109.5294186308893,78.61970176190826
96.42152127756914,7.840304059272165,197.71242484589467,91.99272153334424
116.16359452237779,7.474062640311525,158.6074694176536,76.48405075955061
132.1487801831875,12.582077976758852,163.3265533744593,82.66430589531325
105.28132177194848,24.066819857187824,91.8657854773451,72.51774075684864
114.10750187863573,30.776031672682084,194.3263560343132,87.15940868708306
82.68034934091266,38.931419948836364,165.58205336977886,67.74023470657355
123.14337975674678,4.496497837387897,184.73820489165035,84.8193941062407
138.58839549392013,33.38000635702312,142.18441498151805,78.78504901321737
109.70931970654618,17.003984228526534,182.76661021103106,89.61154934813574
87.94726091096837,18.91426175954438,176.60924668251877,77.75858207788059
97.9071850875131,5.837609849792676,182.9749944320783,86.76148229067614
85.11839131983207,23.441343314274135,174.4583712456602,92.65623697321574
86.61071087829288,23.785520314256413,190.43170420026726,90.6559164362844
89.75624020751494,24.75519838833441,167.6172124630861,75.79981927210892
117.90936470304493,103.1111990392551,197.34072485108328,78.07477976229784
91.83253778716202,9.180442525287377,98.14113049388399,88.22851416780316
103.89418652077433,16.424820161936605,183.4686067030239,81.00977226230145
90.07359569019442,42.55870965485327,179.81900765324778,86.47167415824713
96.80037096814337,25.832548486884424,168.2872521074367,58.24313435506484
77.36535626187603,10.845973468689358,144.19126713381223,76.36233959349364
83.84498429742774,2.3905528077469462,178.93523287406282,82.13825223774629
105.72943342770661,13.733206026927686,193.69216074120584,86.064475116371
103.0808140264999,3.418233327100853,187.08699401256143,87.47736096638816
108.78671864121137,4.038683182518591,198.7003229559395,80.35653744842813
120.78846654247235,0.7679427378106034,194.16149518071083,65.9002976571608
136.1334025073252,11.853209271821685,146.623180679738,74.56657650222955
99.64020323035115,12.243721607447096,161.33448658973987,69.05616070246437
80.60379497823968,3.1862065854433363,139.6928935250559,88.96453696348536
102.20271576092283,6.2457748320481565,175.5955717360647,71.01379993914713
127.69603549100023,4.09109042247387,199.86544128884535,80.22530157313086
89.27812479058007,86.49322464027617,153.2205322264842,89.96785685543145
89.07255416420979,25.22182325756929,160.31998637019973,85.38133200411579
98.09381698306453,1.4512746279312574,192.75659135600904,86.70044110537603
105.27788807497325,17.030786678140053,194.61133795723296,72.4073408251481
117.23731132983964,21.565747399906233,190.47223484905788,69.92440511380816
113.26692191352817,125.90739829439444,197.93587903898595,75.13207268628463
109.09097022528958,82.499919994898,135.40812023635863,73.31744411900044
65.19249911020157,54.98233949776187,190.3333993906399,65.72711068627996
98.20262914475155,33.87929888077588,173.19381843799647,79.20488758275961
85.10802267081324,58.36134855998786,183.01547447057035,83.015164717702
98.09330201971422,25.916664469359453,188.8052474886788,80.20276256460413
91.55031074439768,90.23135441094084,185.38766441657987,67.42713429160813
98.47919772547088,0.6700679257966253,181.70688234382504,78.67137348572832
112.80360219632294,25.296043709149476,156.1157854059703,70.61827528973384
97.58337032284226,13.189319136610642,172.98122897440223,82.77540059865368
73.92272810496905,47.42836833628824,198.0543669162279,60.01123373577935
109.7098727955926,12.90495485160107,151.99911155803528,77.28362558887467
87.75965047346381,23.501219096332367,158.64432598624597,78.12945558974106
94.99059278656425,2.2433977038218726,174.01372445452557,74.18172393204279
95.35092760431456,0.5358811047398107,184.80970703047473,76.78813810818471
82.73044351722406,42.18013870739897,172.59385919744443,77.87197574082457
74.89421696296243,12.345021600445195,183.5076021485118,85.26496133993194
101.12394529118524,26.67361645568946,151.47610081746708,75.32496921786215
111.2401318961584,5.766158241566314,188.73093441883947,98.6795522260524
113.35270964907363,22.18895400787477,159.8819203433085,88.0028696088051
56.04733810199543,15.875795484853912,190.08355902991778,83.56236113966285
94.11764234296653,11.876787737426701,156.77954972164778,80.80317447067038
111.05070492243688,26.440938770104992,195.98618231174038,75.49917020032844
130.36014843826726,7.727917969845561,186.4536983043098,79.44860554994581
117.14474304134819,73.24714153800178,152.49328326841487,63.63915336849922
81.28906311271298,12.665022104584816,174.7384232985079,72.5872423784463
92.92713865172045,37.441286975838345,168.5643243928231,77.31117305556234
117.60569313572094,7.277436039544811,198.48634408620654,69.62874805711178
88.01529097844904,11.109237092869956,187.99722319881295,71.27211533533237
66.83194422211506,18.11203376887755,139.09984622015224,62.8468455843611
93.00441662424083,31.27132633891156,131.1420447284073,95.52957594673376
99.91913123870982,1.7879458132981827,169.24904953073934,86.04149260209877
106.39201376489754,0.9772051960097552,199.41127927696292,77.19603473593385
91.8597959092889,1.598385964439695,166.53533901433818,76.33396676585856
111.72747307386746,34.77889971581297,88.38270070941415,66.41997056424735
95.12333283924039,131.67281064053805,188.8415203200219,99.45945110102274
108.68871893076492,15.815038458500265,156.00409900543306,93.07928095781394
100.60544457529748,2.772346110967661,178.7420039119104,84.39233261288567
72.71182241297782,100.36524841780391,189.75344734935592,92.83473139841803
72.13724926464673,8.033895240137308,175.4947135869955,84.41344286698212
71.56392154512727,8.693066626083676,199.6731482854754,80.60249573950557
105.42888811469925,2.570433008998871,192.68145972221612,108.75486856412685
100.55306696606382,54.67399495581911,154.6193624247548,72.77906280735156
84.39198908965042,47.225652807497184,173.42566555715317,86.87897733209252
108.71970787288494,17.58095259060741,167.67227513408136,67.88640322303114
84.13748109796165,9.829216231337693,-15.255659332200906,69.50067346233115
72.78250657646674,32.30144811639121,177.97399549153494,87.36776081146745
101.64441398047384,41.19284701508802,198.1847516749821,74.28795686382384
116.38474428862949,15.693211680975132,142.2217850104509,92.18360938624753
110.25693411776288,19.15423458948085,195.3107815654283,80.91207394557232
87.34863460380535,27.82489755099255,177.56485455983994,80.20549836433752
73.92013506404155,23.855181831307878,174.62912283107408,75.42952354623456
99.0717500579811,4.70007966241675,153.7767128107486,73.39371546837575
122.11688160871067,102.54999162375634,185.33150325732854,92.30746280762197
114.84184334865986,23.169385358881097,191.23313185740156,78.13782976643212
107.63610123613977,6.80456937459967,178.4942056478673,91.28657397042645
86.55826991935434,106.89378117530252,196.53141502698531,74.62156585759335
82.49381404920044,76.97065755522159,197.22323818535793,69.74219071540803
110.33111723519258,27.550959368825044,167.6061815165122,69.10148638834852
78.41946707311692,17.826542152840332,160.46640120318511,81.93691284916359
129.48937406637407,114.62067005670565,198.46536927241226,73.57381012305311
113.74087442103172,83.13192501699646,122.63001432692738,82.05877356668205
86.34481322524017,38.37942797372143,170.1106857866438,100.29861828430424
98.36656597009475,39.15870615262795,171.84167682385637,95.24325864988909
76.10329202600889,72.15473358249724,189.8047017331025,81.07210665990699
95.0832473594732,52.574852861650555,170.3505941903399,72.35437156155987
118.80843981307171,18.03287713098544,138.2714374069709,76.73985832977944
127.69941889783797,38.727256503376005,71.92363081371283,75.38134337292135
110.30327455444633,4.955382629888803,184.3317408983128,83.30991885807939
64.52928816633649,63.95728862807558,173.77678831403117,73.83917757034027
107.28659444947193,11.183556665402312,186.11895778574691,78.29471464377902
107.38129935983105,1.46234838546445,191.91498241339548,71.40671047267725
93.68063531875777,65.44195482706895,197.80528196074923,80.08333035406646
113.63248272042877,2.024281172332933,178.87050408324322,79.73698966385408
82.30160309657383,26.453251798593246,195.68023349135424,83.64848929639099
110.00987696089489,122.26457849545798,156.38741676421367,79.90319549744973
98.24720618571091,33.011730693189506,195.13292890572447,68.63260992511199
107.68634941531148,4.2443890660943895,192.6623808156254,79.72589609750788
135.11431118487775,115.69569840626693,168.2297066663542,75.48041256300455
105.18547813982042,37.72235166753015,156.8461361922557,88.8953454088579
92.87030385807202,4.712916982072738,179.4562069123536,85.98482517970858
86.22131048427435,2.0685197957509613,165.0916889095016,76.65045468979214
95.88672115034936,34.4963493405971,195.32060167835365,94.10648285652755
100.28743976463011,12.304863466355375,161.57653458968076,72.38801716828984
91.64933827286991,15.753805978301932,145.0457383632032,93.01278930523448
129.0762735353614,127.27881024014962,199.02800076556977,72.77795757249126
108.62757866864544,37.53796865517012,193.43769498362673,73.47960956674036
94.05662061812555,100.45129151701784,194.26222258809665,82.56439027124702
121.17131329063089,15.395349879636077,162.3500452752813,76.33385297743064
75.03567872612157,15.596964587079064,171.36218826751443,78.50905050545872
119.81608779269192,2.2460237792733126,191.9363405896052,91.10528303257068
118.92350538884097,11.999407942653741,190.0810970636913,81.27069696311642
130.8096926901435,75.98614181686514,150.47492696031594,70.16481625229031
102.9089412530247,86.22813767921572,195.03112285222852,70.03597104701926
116.91018271832903,1.2744221753472942,179.2229531340739,72.07395644845185
107.07429437828242,18.287456324930965,184.70388529286254,74.22013797088609
109.29775823413772,25.465710571664182,197.82611056646496,81.47207114121049
85.03718101056907,38.89175307283074,195.28924107543193,67.26770866831032
122.57684159962938,24.616609786519696,163.5576113123116,76.51247534531002
105.11657131985721,67.6876619135432,143.8547317291643,70.60890837703602
81.12064572718235,8.6282149101427,199.2941793326041,96.39245553578607
98.43634044192265,41.85681756940736,193.29640672646613,73.93977268386197
71.70581653711187,17.724637611614373,170.01529926736077,74.00323956889041
73.65924100518086,26.583167099872888,164.29120607570997,84.83530597680647
85.77592267976175,20.871654809655475,148.47166209539546,74.91360225274293
110.87184710571292,2.8790290438507435,168.52608308519345,81.50779317201142
119.46687292371269,33.35647350515598,197.6406948246099,84.93742903371994
86.94711822840243,6.849872708984587,196.13395934974986,76.7704703900555
94.5712281712738,1.7709305819878027,191.54816387475668,71.1591221329817
102.87448389634578,15.83583685323066,187.06763183202642,86.44560598009937
99.00395671116758,1.4985506983006538,159.08725816196002,72.9835755281734
102.94248676589518,1.2216817319256887,192.2416075638953,85.71092150620888
81.7741660781263,1.7611453398591042,165.8526545062332,82.99416469704593
108.21576426740609,16.813024197283823,196.88527705225778,71.5635910275973
96.870032500936,10.650501952202237,176.57412743675593,65.87792624505794
93.15556238011284,7.1659313473275175,197.71554132990275,76.79237115545126
109.48177963322328,61.26426663922279,146.717330068023,102.3469343453526
103.88165764932226,17.195943342476394,165.22738513189677,69.81147871872746
106.8986855029121,5.1366362152501,174.61793997848775,88.38451440137676
97.27653371024337,26.18585268066031,171.1819455233035,71.59833836668182
122.16170450194748,113.8504442309462,95.58186224251975,86.31034339375906
95.07234598902305,27.310316553351687,186.99241753991316,46.438602402762506
120.69158950046659,6.060545882794333,177.75246492081865,72.63857308916471
95.41787911565619,24.989161099721038,165.4678714320037,75.2807048158762
110.18072136873407,17.424296450809983,171.11964443543468,80.96279491886665
84.66747838647035,7.904821592903365,194.59664862591683,73.94589136957362
71.9377545251223,113.19072666771483,120.87906291031318,99.68521154215668
114.43626108307856,25.133944241779872,197.1462893250548,72.98885945774354
93.6811247952371,5.024454599665075,192.7831129743218,94.73552901151098
112.09970691651134,21.90472816032711,78.07569081390535,80.21186645884808
120.708034056966,5.6837773566049945,186.77226165951225,82.84368262328289
88.77772740383698,112.01350609365949,160.04738745509255,73.7499806796036
90.86911271014557,10.039864123045932,144.5255673628257,68.80942877268217
102.07183402464483,53.58355828025866,183.36398775007098,80.33017526896737
96.34294226683235,138.16098791945592,187.7916686054403,87.00450147011722
101.61683475160066,34.21722606912058,193.46054914441015,78.85025025998308
113.8512659903382,52.472712965586474,197.66116589754125,78.80617930300645
85.59392753270565,29.46015953160422,183.55602526773077,79.59493086215193
98.48669096729571,54.037780155493216,161.53321967591108,83.30746257417339
118.67528061069014,67.13869646716216,176.5581026582762,83.34719167781559
113.84317654004786,7.36017428037405,161.32159713873583,73.12119796795795
114.33943351448121,25.04901320906418,198.82039030263005,71.46954769893645
90.35490224863862,20.793505453700472,178.181203161395,63.82384349538188
102.30290571860802,54.98026184061198,194.59533422415342,83.79301701504437
108.32501191744345,118.40981188538886,160.63114839645013,85.78803976601343
107.15181480004219,59.236594686489425,198.74176043977528,81.72614672956897
91.01716116259188,4.667871738147273,99.346922015351,61.98808395136554
117.01415181456177,4.444289281059836,198.17271981746651,74.16708759510736
111.23708849764125,79.14917198482593,167.4614952364773,78.03655425941612
83.63159493311085,45.01402534405486,175.8150284071272,63.32307250678768
111.22797911306314,101.94430679890064,187.08478973018765,94.1195216833023
121.11494824129122,51.764835638866245,152.00248537169995,87.11532141704501
94.56457699271638,25.552870787560195,194.84422028292943,87.41508057828652
98.75531091666255,25.367831662826763,145.56481936513464,81.37728585745947
121.15786614684392,3.997014075667152,174.72241875603675,79.54889539378708
78.08234033145953,35.58928062257793,160.01503799368967,77.43447885724903
78.40793533789324,62.71866342094805,189.43391658017245,91.58165520492258
111.21960163455849,20.619198999602173,170.7329438528875,87.18595842806342
94.78578616833167,10.278259468839813,187.01578746979177,69.87776199935671
75.1573170877858,2.0929907380821637,133.8816890543805,75.13910509780445
73.06131898189072,0.32209257392977825,181.7338608312448,82.63792436251931
107.2463211606569,52.44199083211035,196.694327744123,87.7763299867826
125.0892487323544,27.797405085086176,157.92948710472405,74.23022592156879
90.57777890908085,13.803426712566987,178.4503627821662,68.02217793771419
89.64188622077816,48.89792290973831,109.06672922023083,79.57825889423088
92.70197182434207,147.52657789757006,197.4242406712528,95.62659598912504
92.58477405331749,127.62995461096946,183.44145137755066,76.97249997707942
113.82737653432135,41.185338713525866,189.9414337373573,74.19973265235802
67.95317100782394,10.931973964488801,174.17371393123162,82.50654168150375
104.01756948614289,1.6973995130056072,172.8340078139961,67.34530728853684
127.36637244888449,75.98104147958848,106.91659695745919,79.48329438827075
110.65767321721266,1.349598151827212,143.4387818921707,75.90649768579102
98.39518110153672,126.54795014411665,132.2451667192713,87.6199350488647
106.09043741505025,24.08488156943956,187.81052386762494,86.78305398943726
116.11187304209287,13.204813872747163,168.215156322777,83.07675994104075
90.2741575972685,76.10862291745538,179.4486435987481,74.0402466627662
76.93281408467227,0.18125860560400664,188.96306262241689,74.30579497515386
107.08496902583354,16.594069233586637,196.55488986765292,87.85144566618955
108.78269363093659,9.029222255319333,170.92717743995604,71.46385928350962
88.16085371011067,63.16434212146229,130.02813136874832,78.72757164081538
104.02940137317545,12.700212025068158,186.27867618430636,72.52206026021746
86.73962223608157,54.78549254235829,194.24265153904395,72.91440199060511
128.87630992312265,7.362750565863035,195.58712099642614,71.45036749556824
81.86630208049016,54.2494729424716,199.24191635671264,80.1211056652877
100.65967403940999,54.52490767415071,199.34796997135425,84.73312319413549
108.67785318811471,4.542854064594967,191.95025573449277,82.65012551747739
98.7185462292412,92.6114630569524,187.86809657744985,74.15028770500344
96.25520273894412,29.238906213216104,113.21579822584918,80.56785014190098
142.15957140012253,47.485505669295506,195.02623680821182,73.75282660285434
114.2168104763113,12.749291321074084,199.6676692903885,77.16428276449389
61.6413206271055,2.7614996666860723,199.8096952945823,82.68748768992708
117.23676290574824,8.200702190659126,179.00836826026023,73.70528968226682
106.60744733912843,11.76816131648317,183.42739807799634,77.07276778843334
88.13481403793534,39.042325544813,195.54867567730682,87.57487117774815
62.44868319416914,61.51100799270488,184.82163879257303,78.53119471863484
114.42789861241063,27.138425786956887,184.55987032567398,86.19132638608514
124.61319168913717,23.84322236599485,191.82931016444795,74.85077021313629
81.49804052091538,41.42237666780327,139.73564237822245,72.23802914956266
89.94901379843046,8.422073841319255,122.15146275798494,73.97386479940911
102.31112360372028,35.44148104103924,176.1987018325091,78.37588913311824
102.9304420333794,6.7984148362316565,151.23432651508463,91.51364192155475
102.96200643325349,11.965859714768634,139.7764781750208,68.99971956860674
103.37004731696157,40.21914172790419,193.09753710226457,65.13118134879724
86.45426817074814,16.232867137923105,164.1594120591024,79.71999608364631
96.32839724413182,46.03134996172221,151.26106506937853,69.36417461947372
86.99873206790636,44.742105998552525,166.49504517509692,88.69299995835058
108.53507905167922,29.124257663267457,168.32966271143607,86.76085143382416
102.48905414178918,12.330317126347515,153.68042052953442,79.58046057368465
113.44725845287824,5.557106300760774,122.37488024951445,77.00061625983905
91.48906667382053,11.675207435202228,199.79073394892285,81.33677086612803
78.07639802666976,25.289348402638755,185.00834897250147,60.97944671563448
83.0287231946111,18.253406304142175,190.51403789032756,80.61207199831236
95.93934361927272,8.414287308410245,194.89636300696566,67.26296362474979
91.46496537944186,53.39663889873094,151.22967095277716,60.56430503565183
126.07230312148111,1.0906203525417504,194.97620088062658,77.1932909475395
97.70817652790764,72.53906021547392,150.42852349701957,89.88197329609078
96.39326507730053,37.29274229268712,198.95870239752867,74.05383346778021
99.05403923530432,65.4857328290009,195.48954838926286,83.97420681742311
80.53807498669391,43.5120223727264,155.0111182992337,88.95322374580013
91.52747429362107,72.54284161318404,35.47335658352753,79.31608576086822
104.01323305719484,7.933482495959842,186.86319702607213,80.57723198650707
121.89826329057823,16.05709284020338,167.26320834758536,92.40489982532924
93.76939632213818,3.6817541755597394,170.202807043015,91.4904676754299
86.80209472413257,17.340868976724213,152.3591707498274,70.19369650550317
86.72712103599119,66.327433252884,158.54326463786344,91.35620124608566
83.52209359588863,68.52282285729328,188.99268421767522,78.698162012513
104.65952298466661,14.239608883375567,176.90094829187228,82.04183738459402
72.49959873922244,2.6484839256530566,149.16411685994711,63.92135895840421
121.64132605945204,14.134503069104632,180.56622834148155,85.34318164469103
71.94286120687627,46.414258412295396,177.8249666048085,82.35771614597424
103.30420934263329,10.48699398911008,180.67275572924967,85.5512765660105
120.95972478581416,2.3616591739026744,162.29774818130414,80.11603865381772
103.64680698286989,4.1740456880060215,196.37699501800725,75.64359818782874
101.88973772689766,10.287309052602774,195.18516426938714,79.3634678052252
108.85987865621041,3.521813277320404,166.6306217086113,78.3237545997687
91.11402575131882,16.326477763345764,110.02943520726164,67.54933762277895
81.99045355481891,31.011938505541828,184.70934640119486,80.82943001100016
100.35592044794461,80.55126126868811,183.23886990162885,86.48803570649821
96.56892593941011,3.4545959845983227,163.71921801261507,81.54284346214924
78.8249063196325,23.669793775893467,179.7976843073393,71.83284893236737
112.40524063771245,5.240902303671841,131.3985785190996,80.11014621181045
109.70062591020972,14.489741986492795,190.65682539642756,92.42952599605964
83.68687178540083,57.1047065603585,81.57553085059213,84.9578734603522
65.57106723574753,3.6063942262008877,188.13876974156705,81.1002527529841
96.32256987733146,8.015199990287346,183.37298319866264,71.26410269760403
112.28532320542865,25.27519364570007,194.33520458170432,81.28817279281421
101.16256990450172,49.9375891177711,192.19044022652224,93.8619207964829
99.44778567503232,13.810348810840757,188.13463960325933,90.23062470602551
92.59893819265943,6.902524603328424,136.4306981399575,82.0623450118084
102.4005501090941,10.065631853381682,155.52265635111985,84.79434797223803
116.47083244309619,6.949399206350953,160.52253384284242,84.41906367361045
90.19015045014055,5.26715075818734,174.6290047323091,83.94356468530437
78.0942322908922,23.013123270897122,184.8079429633924,86.27257456882927
107.52285562847926,12.42787043520202,159.91703576554835,87.15290446508736
84.63926192484995,73.42251049740997,191.0761640501869,74.88074257595463
77.89261904008913,9.606392575837804,139.06979684412715,86.26694860517412
111.80614494516212,22.500038645040362,162.25008106106327,79.67329818033886
105.90266385381449,74.80648311078588,198.8493751627962,65.799509414791
85.11994700921149,26.08397218995369,185.86014416425206,78.05591474072297
112.78776695803708,4.793493873168642,184.85508373673363,85.05911797513515
95.98555208917983,40.71297511239412,180.5124148979302,84.30800544237925
119.89715335848686,39.5855516323047,185.3813705770028,65.59926547537445
85.60443286939329,7.268362352649653,154.2918943034024,77.84185810183413
92.1917833474421,17.351522231821832,182.87230952864888,88.79136427789453
97.7131666496553,27.231201360510862,172.22662143083832,72.22829500050346
96.7894159140162,11.414156738848796,198.0328788513478,81.73094443590935
101.33869064981367,40.10876662891104,179.27777606600455,78.75557316605952
108.32620334103102,0.13826933432023153,156.98101323534704,65.21603831665402
96.77000940342725,2.567856140793562,196.7430141254071,88.57987458468178
130.39182294486454,47.045100318168295,185.03542026810348,71.7134720823592
102.27150344458593,3.6920149925930428,198.71203587593527,79.10926062081644
99.21263505104109,113.888784496951,193.53195126369772,70.03526016468545
93.83808739811235,7.936659048397191,187.59348495558123,86.75074592033386
128.53071670121602,2.1402019055814967,189.6848047136633,77.78336605974296
100.62877185399103,11.033608376355293,175.05646790842135,71.14578346735014
92.94522563351522,15.455395231748053,198.5122471439594,89.05804044888563
90.80619232011924,5.928457695830272,185.31216998479937,87.8247383437268
96.91034927321468,3.467690852497233,121.8044031316268,66.90367286603913
94.81684684024788,64.53034698881362,197.09854653881504,62.13761997957114
68.11254981983956,30.243499143976557,132.14990470580005,86.46593325311895
99.13421544587246,43.58761523733231,183.09291076955037,94.56717254792311
105.27383273803677,143.39477471733318,177.14762087387518,73.48041971004074
109.42111431820175,38.04026204252842,-29.867662654226166,70.869053976401
120.41751479436871,51.146658797620866,196.8792635461826,93.65422195207154
127.30441515770748,109.33794246247132,147.0758927433223,71.44306330477379
129.40782976413854,133.7492795816899,193.8521491147634,86.97486334199976
107.17686938002984,14.041947530261128,197.50483048826365,68.30866740039248
83.99582325082181,62.6731879361552,191.35291761389684,92.95419435639967
112.93973878573804,36.442913568448915,142.7894673611929,70.51529193749079
105.62626696235135,71.5799295064765,153.9947672466655,71.7917828316237
105.25701637951498,88.94000316402426,162.67758809658164,81.83410086622553
85.6241309725303,4.07881971472151,131.0971724399741,75.69152582877626
83.98768788693178,19.341146264933844,194.38245725169133,83.83286803069112
101.00462449799434,31.165607218697268,196.22843902021717,75.50091275218386
100.44015948912595,38.34452314976014,184.45163750058066,77.39446563086906
109.21561132177143,45.77844052417678,93.42390213049183,84.67080658850804
92.98988139269562,32.99506539622607,169.41102648886323,78.121516938402
115.31351740244952,32.11202035356986,197.71241934104262,69.0226741381215
103.2277013123057,23.188957931835553,147.5618562227574,63.74186896890463
98.3870539452667,7.551653333575995,185.59639510150402,73.51832215860865
83.89719821308736,8.831836917291684,186.10051227019446,73.52965991454681
110.58976584302211,15.595364516710744,168.71282162203036,82.3121350366858
92.65372084413251,56.231923715829964,188.03791575638476,94.42871994413646
93.06315367516233,11.519062642800936,102.88507892470645,78.70210768817297
95.80470850377597,34.21279181792722,186.14508009218227,83.87745949753077
139.96433249985216,28.542254473869292,175.45524185963487,79.57853380346506
106.50685633768758,38.20289242785861,188.36265172565373,75.1543275657655
100.17361760665996,23.904297917929124,167.94798273244697,68.62236675342534
116.9218439405781,13.113572444396397,164.3035642268154,84.09941260173115
134.55368235778212,111.08763955731163,192.5712459066609,81.72018064200988
112.92282733172428,139.64194737337448,154.11366673885965,87.3759086686479
116.63949629722563,56.814823210539814,195.99550426110864,80.6683540429918
90.3021177383664,5.073459235181271,130.97567210535328,62.471889510229914
111.56530091348093,49.5332452134505,198.4781265791176,97.17462634004417
98.82988644840673,40.199382538494255,166.89215094806627,78.28707678082694
113.14711274400715,17.316569018166508,187.18088954749257,80.93600584103018
80.51295007067839,25.00189318839155,178.34858818701147,88.23061148227161
121.11843624288583,35.223226141756264,169.46728216148222,84.83647132356312
77.91915649814192,30.717171605444587,194.26777719914577,89.69757613623389
100.05820693149616,59.14083150260869,188.81223125366904,75.14964385411368
104.23790436613949,17.479875199298995,130.17376965634287,70.38810947722197
97.11567774807443,89.9685965746046,195.4844367973132,82.24767303936851
107.40176740768214,8.243861410913075,113.72525259296778,71.1400894767276
101.89246821314083,11.323946452006119,126.80809795067394,77.52484688643503
103.16524274483244,13.068093594340862,198.23790751558667,82.80678549206341
89.61098113337125,41.233797328443835,189.66130988393573,90.5523893124031
93.16931536833282,5.314248593221611,129.93588842356368,77.42933652520787
84.8154630133142,48.3828235998525,163.77328940584397,85.79451245828069
87.21190119668073,21.741069947321204,173.36759431682472,81.96727155899124
143.01495024275835,9.057332990502877,196.05871623287223,78.55070419269771
100.50246864668529,25.77998199959771,189.361665222211,74.55409823429133
95.59720892584443,4.008678761142122,194.94138983084827,82.70117981344445
74.4098701889868,19.428616511148036,199.58767048210356,87.83587553492934
93.9873174078767,24.13388486701818,171.47888947354528,76.06727179206828
91.59014344488392,36.43587781573846,160.1104031902355,77.27678383117892
103.87934242316466,49.74974712655375,192.8922706257505,72.36881618179264
108.80342863950011,2.759210311596924,168.04673621827945,87.69458290842638
105.20326055198338,69.94505016342082,136.07790916111637,82.5300153598459
76.79617289940903,82.01105893935531,194.00268549646006,76.23934682222308
122.70145177489164,8.405664180854949,142.04133999178876,81.31842950983345
124.3714718186006,53.55455170144298,199.619316002521,81.80928989760102
89.19421982641799,45.06927246084795,182.18573535899463,89.0318445943155
100.88219772758299,7.555144250455028,169.63160257089794,96.95101317173138
119.6823223277157,22.689198035356284,177.00340234451673,86.96159817363832
81.66973549650068,23.100139587829826,184.71025199676347,96.41209807218135
72.37729982669744,21.907142632904502,175.50391819366544,94.69371523248523
79.49917748401761,25.992389791871844,192.98374928033948,77.2191776106469
116.5673842216248,0.6350385175296441,195.26906535770652,85.27671414131888
114.95412831209816,11.415848938124949,170.71298673122772,55.815262966465184
89.99479418728465,52.505699024445136,197.02855752789753,84.6179977395154
98.58695942049968,6.1378586295834054,177.29188629075753,62.74701166733128
96.3631694988559,6.845132472729419,194.15514416591958,79.53725901660694
90.30005245477828,14.454317176601034,150.8085603944923,84.3026392408057
105.24161188368336,60.908924333753454,177.74435021828702,76.76629594983055
127.24294290456709,15.789451213899326,186.640162049437,83.91035049477502
88.69159755268805,1.7675381565249353,177.5633097037497,161.41970789652467
103.38645780368668,0.1260932610637737,192.64538647312565,157.5387127588772
117.23435782445074,11.783449948712343,126.40977794389285,160.06842646667178
85.4498323681817,9.526186841763467,145.20573133837004,140.97725565546077
108.55488644270625,6.148324199714186,175.10515375067266,176.90218176197527
116.91711048553435,29.451586632324286,194.60693818091775,150.06849808671828
84.81866566761772,38.03347843159195,111.60880658626866,159.2410527549266
121.21535979053505,8.110408247741907,167.74346247272567,174.51552263751537
122.84192674794254,37.31004203516732,178.52462847769758,164.32873942670324
128.72077301715802,25.505231846360683,199.05149886917405,160.27171595875126
110.42412801993682,45.84835278098666,197.4921323077019,158.3303198447475
94.57003084053393,72.96641342829848,136.11639151335675,149.3521029769794
105.93568780373617,18.5716728581277,149.88562492338514,168.03228704347455
98.01039320657293,50.66299798859196,178.8111414096165,158.2220036088707
107.81923820408414,20.327869765722138,186.2632505694384,169.09272464285627
106.57778298264316,45.17085027551737,176.37613566366684,158.18456465118786
75.91106034452223,11.16126601038989,194.7863643124384,158.4124663700857
104.20632205027495,22.09542953808389,181.51005762236565,157.70394225921186
99.33668396826884,35.12312568419697,190.74207079363816,163.34512429032475
101.01353528285401,47.87049329910278,167.73654436090297,168.25150916837782
83.81007375894391,27.119948743223983,189.20334311027403,165.565758352527
84.79377953503268,71.2199520026913,194.0040941370463,178.9145030951299
100.92171171097473,25.170164031377002,179.22735528648718,161.58230469972452
120.73648451006576,61.83722953707642,183.28549476823196,160.78349468324618
84.6526036412486,102.39029860933863,181.9652931126807,155.7257746760018
80.04988947547179,2.120736911776109,150.5679619227948,174.2653220622338
118.45622182968071,36.56699834876771,187.84575121604738,173.98791725678973
102.40409667817421,19.149739405204492,146.30476666695253,177.0366209400509
121.95347580618301,12.044672400304783,179.88152095835946,162.61664646242906
87.60852764928896,42.20503957535234,195.99482959630652,164.40153579761207
110.85173738240013,31.001794669247403,159.65623654868094,166.86118975747337
116.84893627412374,34.1924776995254,131.9607071141786,155.6440317622033
89.83913517654042,28.67021847465363,121.16697047709758,156.6880309225108
103.72026233108798,3.070335540449308,168.3907002729889,172.33766843722444
99.29317333973583,12.756353219054112,197.50064601110768,154.47918655327425
76.67661993145467,81.00600324440285,172.24977960022812,157.5161389914374
82.7258529260009,0.9025151562552622,191.62647242962362,144.67107776713948
77.98090797667876,74.43966661578766,195.71874496440034,146.9021222489327
109.56063061593964,2.202359112263363,190.0986448382527,167.25762749093968
95.13103884620662,4.110175509371272,198.60669685845804,162.7127085282063
93.80216719051231,2.852337173982896,160.84168333201217,155.04900543507256
90.9052830354003,37.7858205459255,176.64874282471195,155.26278215425225
112.09677713692041,11.87867961107648,161.68272958738663,156.846339267053
88.0143288186461,31.161408912828296,186.31942823197033,167.0309459971155
119.36746596398973,5.484849355825622,138.94452535785788,162.49814052858497
112.30874257761121,9.55476185219942,190.50246635808125,160.54842552385884
92.38295912062074,1.0236055130646573,188.41054126970312,162.93092011455883
79.37825399384927,39.74905908428295,131.97326239457215,152.2917648171029
104.06025461368567,51.61961928484581,187.78968950507982,167.0795093684531
120.54756188380308,35.18804512601896,150.22716129696573,155.83128012315223
76.01329466176767,16.0691110734194,187.17723051961093,157.09276368656973
94.70408087607109,62.723436844153746,174.25766730563183,163.52204506957472
71.24274318309288,53.972704046223804,171.80406124341687,173.5930808893516
78.98845241983983,2.7881215754490163,166.2365257385389,149.432019248954
140.04931652948028,28.759903090327267,186.05598508331073,151.19312816613729
82.70634746420178,4.21499948144832,167.84691146262503,146.84021333099318
111.92650799765411,91.3412952940811,198.56720981513143,164.13746606730135
87.5455082554958,7.73835602021611,154.1036327020766,162.3663232592655
65.6706517424984,1.4561494146285443,183.73126901509738,157.42654985576453
95.09680035971869,8.353731599589057,197.9484851038587,171.9978682700238
102.78313464071621,19.011808692272215,147.55784141648348,155.99480980028775
91.04146683311285,19.942051634069202,193.39240783347046,150.3469739747678
92.94655043269493,15.371993806906175,171.61877394658768,147.44645250669103
88.18074463177915,148.11522328578215,187.39542173713605,161.62447221023035
115.31298406568868,37.7468335996713,132.06036532957822,161.99915627757946
110.52721798862736,17.033152028147775,174.18229594572722,149.61675006985178
117.04385684417952,5.965113919721538,171.25144420418886,150.71610565756131
105.13356508236564,9.123186920615254,192.42070002481245,146.4081711572316
101.01251932840195,7.025760108874881,184.53523384620922,151.6703894491038
83.6011476761081,2.052318488584537,119.13128311711465,166.07474994275196
103.75862267918293,11.512528117601226,178.98507032223247,153.77094685341262
84.72693291549885,15.576987787985177,198.7263532626592,162.20128752631848
86.4343930754307,59.84588326627962,171.53958473923416,155.1856707144787
103.2419434894118,16.423739821946864,191.38658696435826,168.0698471908533
90.17050103380316,10.574745778357132,196.11364117991894,169.79337585183723
80.44529678800505,8.42013309355596,186.87762893237172,157.78205736570408
99.1354389731211,28.095875184035116,177.7447397762794,152.4201458254424
93.14185844363388,17.064445371760083,194.49424734353966,177.65514812220195
119.10625720677584,100.31657804608811,196.5047484817388,166.43015212959344
103.29076368141713,88.92466798075384,141.31147739797512,166.31613695876874
97.78857757345779,1.5998368576074598,178.49084000235447,172.25757837938218
89.0075960050557,17.201970119554463,193.83160717381335,144.7351871325228
101.25902889952705,3.661167827840456,195.00507073257552,160.6918431878622
102.7992294290559,13.901753421329998,142.7760303545083,175.43169388467908
126.12428217717573,37.973520694816166,199.0087452895995,163.67282534941083
96.4878807195783,16.38334309200706,187.36699559313226,158.06204840653456
97.74157274012099,40.2713885124423,164.61371592676795,166.9227099330461
66.13524477951647,102.17742741231548,179.62409745708308,145.88641816476633
110.3443384908095,26.29419107287756,199.2149618994263,163.82823068953743
88.4602258603337,1.9924975659507629,196.16505613145108,165.9445790210786
77.81063839611184,9.713664336724635,166.92203794404261,168.68704529459114
105.57854481299177,86.54215990064927,163.24167072684077,157.57090345989783
117.18693373671994,5.993439783927058,197.86212180766586,152.9801104007797
74.97632170838263,41.43800829152553,183.1984702764462,156.16707079734243
102.83534666218402,28.74122526529893,164.5478661575723,161.98326832191765
90.97065443828689,65.9628682329786,177.9536787060235,161.5199358800229
106.72408684647976,32.21161017796741,110.5839010106933,170.51825955393159
93.74285789994295,25.370996297958825,177.33667665117804,150.98701398374985
116.71241789812927,6.674991408142985,145.63223319318996,159.87340159321803
116.3579711777203,1.2640069467179833,177.28613437592207,152.09764183211425
97.28104386602557,9.772654469343504,173.2740072628618,166.00279547531534
113.15132073585062,26.314760406745748,136.7524149585876,167.79812399135454
121.76284228830903,7.543097915323193,155.8274077039489,167.2988259305752
67.02189943071994,6.38492673657404,187.22385650540025,150.89540480647634
98.17503632530213,9.58877791076532,181.951388580889,167.65888452869822
87.58039691133351,11.414401054706996,169.1282168577588,167.14695401444263
117.1699493287355,63.71899172653278,177.70007233664757,148.59009788745897
83.48688849217011,61.33727303936683,176.32871614815014,156.1339532421864
115.34521959874395,2.34969777201423,177.51479435471026,162.76626187155875
100.27413264221283,23.41050901819131,190.8574233605829,169.9117852425022
97.13745112888374,49.67699543848362,102.13386433863401,159.6066096296065
88.75920175205836,92.21995405688692,175.47222952709322,178.54704280325538
82.16644169357527,31.17495433208593,193.67851408935985,160.73214512864848
95.4661561651957,18.43042005586594,168.30833691401233,156.53714940490983
105.3000192391546,7.16694913010345,188.775251690159,155.38574035753243
71.22902575479404,85.95647173111158,105.53016353562398,161.6421684013202
85.64834133401267,41.51809276603936,199.99851127464083,159.96609936485942
88.77960198700903,36.155103373000756,171.21805994312263,163.23246590583702
104.65463383560632,99.8239606751346,159.50850537509712,160.27697195804166
82.00931303592749,18.543304141443418,175.95861638013693,150.17667406064896
82.11597469415514,85.9205356492022,189.5539683296522,173.3716590509495
94.67902644421689,76.20644322849452,186.90886565164863,145.8690011681987
140.08361460817343,18.792746895457896,182.1672470080425,172.01320627708444
105.66772261700349,8.046298762097432,159.47603811136625,154.97063989072512
93.41250453469092,6.340740577837549,166.22557078806292,157.74232661899865
107.70941529577362,7.490550648929504,168.04381041743548,157.76208326939684
97.6643665538728,40.66568525526277,77.77449893217961,147.82619088607203
114.67551278080991,65.89770744777115,187.30510104642045,158.6496250334619
99.39801655360672,108.80072628998509,179.58406908791397,160.00776900872654
85.44119892372113,12.988883077909328,187.31028643021864,154.95895822721766
108.84453049912848,17.552533353029197,185.61400944920422,147.90808322244933
131.171350752095,82.08708809334945,196.38196128415046,165.47625062931994
142.31293354889897,6.344188274945165,167.3124096132472,160.52301280695772
100.34027818414495,174.59249892533046,179.37608969507718,169.401782232423
84.03112232447042,38.360375814155056,189.97898311273443,155.23350715797076
59.64378797287421,17.670612499370677,145.85627072349254,163.23184682028463
90.97550442872544,30.177883048952513,152.39022394135583,168.07114612476818
92.93302393502182,41.31697788675413,150.31157492532066,173.87873268433276
96.67444131200227,19.97569494241757,127.56355010748003,160.85975308889215
81.18253914828104,5.2276926929192165,148.0413008070231,154.18789830493006
109.57297402909623,31.284542774579187,117.1039008642438,168.40269558003587
85.40388750918395,76.59324965292149,195.94615822026162,159.9968097882956
98.32659178027079,0.8144515858492344,129.6122999041257,174.1700072653088
94.46835006753048,25.040682162475,190.82143239134896,159.11079889533838
93.5471297579507,53.08885374194707,180.35109538070208,160.7065037662992
103.69895765665859,1.2721492363598212,195.0733516130885,172.81325118421236
69.71303620606264,0.5954797908475786,168.48402355110935,150.94529865260176
109.24764548861182,36.32251146111296,189.49210745089468,164.35425273556015
110.84154132110143,33.98615052883288,121.57069610490129,146.00229872757822
88.28984381310083,10.080518750748752,91.599200268972,162.99735034813625
104.80810053604849,1.4471067486105533,199.46836439025893,172.00776775483507
103.861341515305,38.780926612777826,189.69402568629968,168.9438994492565
86.47442265827847,20.519123378075502,192.3477725424164,155.88467701116323
91.09234463679547,37.51839880647971,175.46415070617178,163.04513257135008
72.69309131866842,24.085997372396328,184.58581655554482,158.8777543269056
115.08798593753036,2.626721215437487,157.7375275539554,161.06791825931919
99.5387429173509,59.56238488213322,192.04125095434142,158.19797995012593
84.77303581172328,23.424034763963967,192.5285694656303,158.17091480200958
110.40217422923274,8.988666287922117,168.58493397398718,153.0699070662932
94.93929591434704,41.410587176456886,197.71844508008903,156.95135864071017
91.83398652269194,29.503461819328873,156.12102163870037,148.01108160231635
91.97147885581613,28.215275937834363,191.5079067135036,158.9775611678142
110.9258613315991,3.8397940102690717,185.38451954972092,148.4480771981398
91.89178711459094,22.54269359726833,179.04251734568746,143.11447069667602
113.35301186109807,20.33824813199488,197.86353923190828,155.60182599713607
89.63869563181098,45.32838062836327,189.0489745058823,159.20676102138916
92.73331675309022,12.22572057998173,195.62492225584592,157.73376565292284
111.0536401948893,9.06853212569641,192.5927749706379,141.00782450784556
98.34383684897037,20.365800064401213,159.91269437957172,173.28883667673742
106.37236238200627,10.41607349060797,193.51045411781988,150.51130385712196
82.78631908336736,31.178729596677204,136.71747318710166,161.23245389899884
117.8452688105927,15.688302851923813,118.99466959908972,169.41844872575243
117.7255966777349,20.312503308523112,191.54579265473626,167.10852999494116
85.5094405813446,27.619145506954066,178.1810750826359,158.95803220592057
88.47475591950362,61.23642702412895,151.49731785863455,180.22815406259792
84.641413045163,41.418323192083314,136.985887503049,152.7684967946685
90.74547519738275,7.8754206463469965,194.44012830879598,154.80889934503648
111.28175153688281,15.26077924060162,182.16587440814126,154.5455780421568
104.9063444513036,28.25715504745705,173.4605511698326,177.6776821437308
78.43323927985358,70.46897862863787,192.71866405534436,152.23059939538007
115.64340850643279,16.44243837449315,173.98576865584806,168.74275725107572
103.46639786464767,63.951353590188155,195.7897320630522,156.36916256809027
116.71466854426293,2.5215576828828614,180.84253915091517,134.11672161382376
105.3034976601618,14.291013357769936,165.04103937172846,158.6990969338935
108.80283331431576,133.49363767047666,170.57552084134244,160.44869794484157
89.4807669187321,37.94643520161589,175.0867035198266,167.1198945925683
117.48574756553379,3.1012194942794165,179.50674247637858,162.15828261134925
106.35633131932765,65.06266573287532,184.7485856529692,163.83611725549767
58.528642138576416,17.461711323153462,163.45005326689179,160.32601453483636
93.15435693012367,6.200510920619703,191.40937313883708,144.43894533739137
99.40855970352895,76.49407315757958,194.9251261664261,160.54793408602913
110.82843661562816,17.54312385779424,138.11585413657633,140.44407796980627
101.50066720671548,34.99506870457245,148.09652726861543,159.68227599710826
111.1510128456204,17.11193650678804,196.11788234297484,150.97171254506623
85.52550186576497,73.16542802847006,163.74805685770886,167.15943947578583
90.89923728222692,27.625679601524965,169.8548997647743,167.06425274869093
93.47021974934852,32.719491036587065,183.26710279813366,166.20770783892206
106.64997437730003,36.43682795285989,162.9144953204278,161.89426432152268
97.33425296105705,63.377072702226755,188.94673956674924,158.93254046996614
83.22741492346563,60.553066355729854,186.39947880438578,164.0854996256406
94.27348939295503,71.78597932816449,194.23977219807915,168.30640586639538
101.93281970165073,4.236968158458844,199.05565254006868,144.69755590131908
80.77127022809216,9.531547411212115,163.91556236491166,162.5438128580349
95.89166427136325,10.865826003454124,150.3069114972053,157.2141261492255
90.64937552140732,18.191970793661486,96.60865418758807,160.8623489793551
107.40809433089959,26.9087804779756,131.36805870983733,152.61342671054874
93.20065768501355,87.56110730414535,162.07721964096402,171.18617722810146
96.6001312767725,6.044838879295733,157.85695310517843,160.42997107846682
100.53894029694172,29.027720534681272,178.4422537978035,168.54940866991376
102.24641428145651,5.8442534284391385,186.73124951240274,145.97323450594988
104.76878449673603,21.519902087956822,183.9522739806496,151.26311956583828
91.9818750734859,7.390090253083317,140.82529892245122,157.13438800922302
94.43073676174832,69.59150461630456,196.89553772116136,156.78696947733937
108.19953852645129,22.211085558225,180.437109570845,165.7416177859464
107.67806444483524,5.104970635801181,103.80791003554437,160.80240109978055
113.2434054922412,58.84700860363828,167.40765072115087,157.65408737968218
91.09044994739297,4.423589242480435,199.8379312843634,158.85423339472592
99.31184101923898,12.60544365974784,194.8305272455287,148.85660608570467
109.09630496187953,64.33096154241787,184.80877850362003,161.2903443275403
92.39283546120035,5.433400605412979,172.3501022892624,146.33948381955165
118.63949026811423,23.69782820042774,198.26967571955805,160.39331787342903
85.20964135795118,9.904380305114646,114.99511980249297,159.72060338192475
96.40653948964356,2.1162419281655804,191.8041489373819,158.31946175823452
91.50855805169586,14.09901189929423,166.30093160876385,154.16714012122748
120.6247756170252,4.511030391162201,128.66721345979684,155.63528378712152
79.52961085996333,0.8935826465406064,176.41050700743708,161.02153801077304
100.33328609453613,25.641085589291517,170.29663827026098,166.81273311997396
114.73826098755761,32.557295755240155,174.98475582400383,139.6217199404544
93.73566492172145,15.731675513336453,179.99937203524374,177.70301074083386
107.35810486317317,12.205443987530181,161.69876902196546,147.1531024474917
85.23797299203456,47.02264171068278,132.45203872740916,155.4806418828462
129.26058277546878,13.475473636159009,177.3535397368645,167.53413830974011
107.66903316409315,11.71570248821479,192.49326414965608,148.73509960111565
102.83229071008324,31.168313055199214,154.1461592416099,153.12166229877025
116.66766595532553,102.33589813531705,70.68432023682203,162.29581128454717
104.89779289147253,2.227966790583117,190.89584490787644,149.5784966429237
134.10103499657637,51.139777371042676,161.3692340634102,174.91887163142385
89.92441914136901,3.6780418764530163,195.44139230317472,160.79163183249366
90.63832491223805,14.247393027525714,182.14513675587847,166.78963683856068
81.7963705407492,80.98811211323886,171.9785130829549,156.41471092610513
80.29069992538211,40.76901672827676,187.53920819005745,154.64810674937883
106.07669894649689,67.73357515402357,186.3196332521023,161.38675131857775
111.30592489582205,11.521879973791247,186.52057224489744,162.5980546595161
97.12209861121654,36.538529756325204,191.79453779700316,168.62727512537194
111.30951094258738,29.85818980976836,197.23508800560734,154.24064473289204
76.20157306309564,7.024044345210849,195.94686012659284,161.29133121826757
97.60815610632085,50.38204133598265,176.28808903496324,153.0530566245859
119.42948450621235,12.008752232432178,167.1965875616323,169.27451196573432
97.09889500605767,3.0511449079556376,179.709999908165,177.18430105579066
138.84678959139808,78.59562460546746,176.38624197278622,162.22996772644336
115.59805712991971,7.602377894154394,38.986517152573015,159.28446990482576
81.81497634328281,13.340072829390568,198.55694326307233,152.971219359401
95.39350892706499,18.91586607180727,43.28538168256031,160.76409281888758
87.90065334350457,20.218303834796128,133.55551826425577,155.813592535914
78.84996190556302,10.5317183965311,162.51370266609695,176.98171429230672
103.07863284688311,58.74438468474095,186.36797616096445,164.64574152922847
112.0360982472823,76.49739750144124,120.86053641213198,148.0885884724005
94.77864778215046,0.701429047195055,196.31596688798464,158.47924156984655
103.93447933339168,1.6813443083183723,151.34178410496907,163.82473582177724
116.30755064574305,30.32254372696685,156.26983166472837,151.34645057573655
105.10316138015583,119.74906317500601,142.67237457233924,165.83901181904906
99.79575806863834,17.576114167035797,198.81501922846005,167.634242665185
100.03404036720785,10.815054011328122,141.69904438701312,151.77955535556202
102.82997414266963,74.75377557565032,179.33009953556652,155.64146130846333
112.17658811172414,6.502975828871678,156.17662970368394,162.77573539475537
103.15550226832953,21.61604213428893,172.66547571656037,146.66967798010785
132.78997520036953,5.751109045677669,146.39978694333055,170.5769911377581
110.47791144265932,14.921014543101851,158.15673199443526,164.78704518253397
93.86883677540986,12.849964168165737,190.870966010679,163.30949393635214
98.32504098270225,30.42716971207242,177.81555760060837,161.90282043799905
123.8459469250424,18.064641920113985,191.74361680948581,167.19902258285205
89.35034377306856,87.19351541815176,91.24998955676821,162.64715662761574
80.20227954590459,4.630771973400949,188.73312751333475,160.01844734918393
98.90527666342189,81.54638025031616,192.6036169206836,152.56466297469296
82.91592687339724,21.11389922893138,133.71272699583594,141.82343695709443
115.21229335494904,78.11030383804291,182.50183095706973,155.25548663708076
86.13968007706895,30.78366659231261,167.23014613211217,155.230738562207
100.4167786966338,6.770868943183025,192.71247573252964,167.4796636381475
97.33726997224763,18.2870107167687,189.03101304098354,150.51912242220894
70.15475202986613,60.65120382694911,150.42288515942425,165.60425555371103
119.27428427929846,15.31973833919088,190.46958384618017,154.85763526637234
103.21591814346223,12.08387701082135,155.09688882385564,158.78002283854246
99.41782991640886,31.50601112187108,183.9566418921362,170.3507245077298
110.27185898375684,27.772200110758728,199.03443261415953,166.02735167683457
77.91536393368123,90.09153534299654,170.20578719051753,159.64411951866498
104.55815907055175,9.497333019526561,129.20823513299277,162.12619170844533
83.2222450215997,18.02535582346,187.75686248821555,139.45640533581889
79.11223156547935,122.16105949027687,158.50397629843533,155.25774122135016
92.45674729888974,17.73808369387297,180.0620933020342,159.0678942532822
96.12777756360724,5.270992260911562,186.8041286800384,180.22856446236452
124.66793936786644,12.074267125041349,148.8246510779547,160.9659949908984
106.26220022152611,38.39427039458203,186.80220000983425,154.7485527067062
96.6414511586098,32.898120174982424,178.65746540607844,167.35574527941642
101.82394704734973,3.4147444862369305,195.6981682988544,150.20358597319893
122.64868238567618,22.010932177656738,157.85334274075868,143.5573176724165
96.5173189170334,43.111721260227476,172.8208653901419,166.18332901612402
79.3432513879988,64.0064438144262,51.343674264835755,169.8726332504527
98.85893416743562,8.428814245596628,177.97631113680745,154.48287950663544
114.70770123921099,20.567769869293166,199.46177698262042,162.38312409699728
127.29636262258452,57.26023641956681,171.38032574973616,162.3925028381107
111.92451959207426,1.3817700597165332,164.45422363231899,169.2420301561704
92.88276101962623,8.8043819608483,134.9779101738032,157.58052375466605
99.26428780768548,6.469607889358556,175.28420711715177,146.8548908072338
78.20090662511404,15.547953099894107,194.51048604176273,163.22662391293218
83.89846015763771,49.74717356101239,187.9024179191266,150.63410020314157
111.276562011359,15.285963966925697,140.60139297274793,156.42198618651642
88.28151900110589,52.727450284855976,193.1042491205322,153.13251860471192
124.26490982791555,23.230343743965744,171.13289918803812,171.40429559764618
91.1656528867158,29.330241187783624,163.7545410252801,177.54435909275765
91.61301327406301,0.7543732518398318,196.7795967652224,154.77130294972986
101.59301718608978,23.03271792067655,190.14706050665916,179.97361949062704
103.56741116660261,0.03549063333258966,151.92514956131046,158.0233848041538
88.88131641479504,6.534640521671696,197.9194326126082,157.8495521717943
78.96634934550377,7.162347362155204,159.65295204160594,154.92301389468895
126.64726553404753,17.00535757243566,186.02009381913427,161.67553168472767
103.41304261680068,19.36012904164508,124.03427456716867,151.83065342553036
141.29388429850886,32.54383168881885,196.65899177376247,158.13649639111156
109.9035151197509,0.14587611087245267,84.35115746781919,175.3749243812503
118.14022733783473,87.98072712729888,125.85448423737165,159.70372584084058
87.58078157947763,56.12366488048237,164.1067176670129,161.3263613108629
92.80146893535904,21.668608012625107,153.3616902346979,155.39438449101505
99.3421474035383,72.58356524611823,187.49279574142787,128.5828181864229
95.03112317740944,7.594937759691177,176.17408064099473,166.92429852625276
95.16248893668349,6.6111047070397255,183.6474113330755,160.46862910653854
94.90441979407647,11.826955933649055,177.0675933763825,157.57014388294414
97.31717431400786,43.53194402614504,126.03271799355174,160.80118480517612
106.56957361709935,16.424198267662128,195.16918352233375,151.34799146914995
84.29367663122676,8.659821750803856,185.1302887108387,155.35240099553835
94.36926135946895,0.44199467543511567,174.95444022209142,158.39423571935797
112.6706842642211,50.8828290591554,152.5279493113246,165.75209186526004
112.0998401457421,4.997403897631294,170.92793703017634,169.1632058282119
87.64966356716009,8.92266214796996,190.50276185386352,167.96539847765533
121.52298040169926,12.687297155420984,197.8081148728108,172.4615366942973
118.36197811279403,22.18537336072113,154.26080907380478,159.10540472894118
94.98814726820966,22.441539056177533,196.3606590851888,167.507197561942
114.16094244298108,69.76396118313119,188.2517298236136,148.25086508548756
83.29570299832328,0.6179346532187482,193.27161453476134,164.37318420281804
107.01525638895474,14.234095506657114,169.02369055846202,159.643838698519
77.8128849549601,7.246671025807612,188.50082874567505,161.10469474359172
108.4380640222075,73.8662814867097,66.41817438023207,151.24194287357278
93.01686333928417,128.8083200888532,186.38130749407358,160.8671029778274
106.83484987032342,85.63082410592368,197.50155951239418,166.27265921980612
108.87321473921388,5.816524701351464,142.75166561389818,172.80775009888583
93.03691627333689,15.718876307779809,190.94867790140856,171.44028945162165
84.99092859027664,7.978923556465037,178.84298943977785,171.97221155395698
105.7323428568421,16.527849045339817,193.19327724241344,171.8651475261727
80.75236666820493,8.561908799861422,183.02579179070642,153.82973783818272
106.28933872619265,30.77751399015318,188.0526243768345,165.17416700402302
95.26056167444843,15.537937349307576,197.85758696261934,159.30356376714
86.4335393755582,46.25792427596055,174.48579111874656,168.39435352602538
83.35128607404923,52.80336129112726,177.28670862308056,153.04798032162475
91.58027603539549,6.597044774663084,185.03151103290855,168.0103156538377
108.08194062339138,5.8007431665439295,118.2488711877116,156.28243024338548
82.96534073137425,15.855485851240271,172.01901502684512,163.95378311495637
105.32013107263445,2.3743623145995203,180.87459759517031,156.01442407694805
110.385799037586,84.36408104480913,178.7643368699419,167.9463806320354
84.84769866115009,5.257263465769912,192.903283665235,165.71215119194196
99.90543712190346,25.713709717738116,162.75847648315195,162.62382472889053
84.30625641524287,102.82256071917968,199.2922416840688,160.61453321221776
109.29511403665056,44.358786737285214,182.78668560766644,171.92199954040706
107.3494673734305,100.36005538141464,136.67521433561586,142.32104898129606
98.322164376195,17.59853746380119,185.8873776110696,155.44301386830332
108.08653553049304,68.54316695734565,110.07765655832456,163.78579913063996
87.80099858834426,9.841945958302944,169.37249310821772,160.11491068928373
127.38852349401942,66.76360746197788,179.72802780316582,143.9568314275626
99.96420085213278,5.769935122904988,161.50081206042978,149.01581989651277
122.66110966833084,22.483934116387143,123.35357284549536,158.35645193193912
103.98023908978892,51.9886119904558,183.46846038629818,165.10994695224255
80.32759953618898,5.535157521778783,135.9658561024539,156.4003726052173
113.58782980609253,6.070523331423643,180.25316738510074,153.80598391969767
79.93544443702025,14.304356706737472,180.36631125281465,168.6958998727171
78.1645739054488,70.9254320278964,177.82011701096172,173.21213877639423
100.9571856106695,108.19352369912933,167.6249875405677,166.62151595536636
104.74930487957711,28.753870827146095,188.32057992266007,141.24805809563492
108.25152215643452,24.599491184965203,146.17127405901675,174.73932347774593
116.00723717316279,45.09649365801343,137.5574156400875,152.24322921270448
97.80051245451496,23.248715469577732,199.38330223790743,158.38978992112695
100.29780895474363,44.49348449261941,199.0142606990523,155.31792211618477
88.86263068289736,11.417792263822511,175.47421671648019,162.94658414107067
114.9570174153461,6.303444730927152,155.93970618547317,163.3505101421854
136.79961994634246,35.58360791679346,193.56737929240526,146.5895098783008
99.49955498640475,3.4347046459160215,141.32638967834103,169.08844422852764
105.54380755457852,28.019197819074968,180.05174588910938,159.57517387329833
73.62880036632276,15.613117577358299,180.2699705466856,156.22533195542
104.83335653199353,4.758120266602452,171.63744111748878,155.40425850522365
88.14598484087347,8.73848264217107,177.86449622337705,157.84737650339622
112.74783140823128,27.843768054817616,196.40754025820073,153.35924167525897
97.22353322548152,13.833166137987325,181.7599720848431,152.79279928300153
127.3334111290814,77.93704428393185,178.83303869425566,155.87235640744322
110.95901658373415,0.3387214734571393,110.98323997863253,146.3141946210296
87.85116774615511,12.083551344208697,161.76271475342088,176.9308749243261
96.55115746092403,77.70548109323526,106.56006499188354,164.7230066835098
92.02759295857526,18.4508274559177,119.71333575153479,159.464980536592
122.47058984906126,10.194918126403948,138.7941749485627,159.76655576994798
109.96527489231516,20.255376205698894,177.64121010844113,169.67775342063592
100.218004727545,57.332931681244744,195.27960079018692,148.28763256151768
85.29637462688207,43.75066315180614,192.8276444736683,161.45295500642473
109.42140628232896,28.657389779750055,170.09185666274766,161.02219694473823
88.73978218622698,21.519626027913375,169.1413099654057,156.90802889199793
96.45560268592415,44.37594318475685,150.06959514949878,154.94526437905915
105.68288247183627,18.778601039829557,199.0913632156933,164.84883624431163
88.49467448412608,73.9880377045483,4.9141028851691715,163.5053638567353
110.80765627874413,27.087499454407283,196.39680846293646,156.69802702734512
105.45568425333765,0.9215860587160842,161.99511931068622,161.54215808295942
100.68869390647001,2.0750072026218325,198.60006367754156,155.0077399971246
96.49935512527145,53.85638469065123,198.7227045073676,161.94526405474497
79.28103004000448,11.155026038390426,171.4478314521643,158.93549190659377
99.34782681842727,45.70510227851718,191.1768770870333,174.35783232627136
76.48992306086902,58.03006995346552,196.39172758300975,156.0467686822913
101.17319963239163,2.554644228324428,194.61247766488736,167.1169891437837
115.68512010164855,4.200596939838104,192.14089020448807,162.23572747095943
90.56656792750324,37.62828045419663,194.63526289944264,164.05865515133527
97.48053310711525,52.93685826891575,185.12407188843562,157.4441261249361
86.42550825641129,3.023037454764607,161.68929271985883,162.418764274054
114.25944391531942,6.23215710055745,186.1533822364495,147.1264657859693
106.92496262554232,98.08765933948584,171.98695038268838,155.89088573368593
129.40942101169142,7.300265433326006,145.89381492610877,150.35733014528907
100.44084886978521,22.13200792470191,119.21720077856766,169.2058271264603
101.8364666453499,58.19424774011992,173.07831899990651,168.1727460772233
108.88747357222124,9.323031645592287,195.74391513399917,160.77016353549396
73.50246448278762,20.301947857553024,172.86184499531905,150.2673984933008
85.81333416339739,28.175296861916777,184.21692867787442,166.4094653731587
67.12414739899629,41.61206726659719,191.02667253256084,174.125319835455
82.60446994779423,1.3999776125299788,174.727674999524,162.85607680399795
72.10090695641597,82.3257017101019,189.99333440853655,160.20053855827035
112.12737236015603,22.631527255103762,175.38373396492113,150.4988959837238
91.45502659948576,3.241565591104828,165.86707642233029,164.45021814396455
120.1805456139489,4.176986284253878,172.38407063174847,157.04279730528975
114.0022878725695,34.08188261542643,187.67794704969526,143.174355132764
113.57724652824689,8.659672898724724,189.2448298849347,146.48482003647626
86.2430804573236,36.966655492129455,152.93828990990923,145.439708865768
103.60744513993987,286.82246948741187,196.68167408432473,169.13711064302706
84.9191256485967,9.016683565830576,165.59429362409034,157.38130075066059
96.44871629130996,0.9367126193817616,192.96363395544444,156.58563335175032
116.75370843683703,96.42498269210624,170.20067896225328,152.59423038631084
110.48250818187557,29.84676872189896,152.93233146689312,166.66537310394776
112.26116415570567,13.168488246461626,133.22420383145345,161.73362961726392
105.70403869345245,38.0914599405786,199.7104954124555,156.78172187917266
92.09696722720932,22.992909249725916,174.95384367106107,155.5721504945988
78.75319809815323,4.341029500222879,83.15622288394955,180.76815994483522
104.13565750199048,3.6450547449597033,172.47065540151746,150.8543579353325
103.3220584700343,20.0513944239864,198.36658228037163,145.6053084178147
78.46039829125505,14.677318792360822,134.04806390013883,173.48862412039944
102.29701758724671,7.555292706873918,186.79796453356323,171.0527339053592
96.00557720188048,26.27222471727285,156.36812572249022,156.88135617994638
105.8920641856853,21.52771404459577,170.11606094499876,173.66416355826402
119.76331048233652,98.25248719646538,128.31639062363212,168.30164747960367
107.56825581942235,39.16759248146226,178.77277117600977,167.84198946569788
107.47380626842622,32.135006696756136,161.07610434050247,151.26701695153633
98.60006595260964,0.2989341468470617,193.45238319230705,160.36114011169738
85.65941490515209,74.1609339256582,186.35352420877282,148.56516478812603
84.49963817028625,5.138267227780145,194.16305988928525,178.31857170535358
96.0238014093453,6.651129285866173,181.08099139107435,158.64431331509945
111.6092297431493,19.415023562139098,193.8052116900536,161.39886317305226
84.79160236257732,78.00153559992461,180.95342014536857,158.75335351741236
99.04244561463112,15.373501297309884,195.06450682698082,158.54368480124947
110.59267635079719,4.643918648301863,173.45800428608257,178.62166571073377
97.67619885976049,13.325294935327952,167.85009921744316,171.7539442076801
118.12495324602341,10.78155138123481,195.36651988045386,158.10617079861512
110.30696283803958,3.7960925820366684,170.609057017644,159.5602302246586
114.53801137397872,0.31425552879027435,195.09831379517217,162.16716852603614
99.84219758351922,33.74687463990563,198.99578155424314,158.96159303751716
101.72224759115483,5.117980938470822,186.76812397889603,170.82811445320453
109.27749230410829,6.282620055499033,162.88292877540925,165.80461531925857
81.3850186465063,3.739438344104461,150.26933452720914,169.90578856329822
120.54203998202388,30.32075235245302,198.8628435481229,151.59011058958777
112.42041370464578,14.477987910429196,193.53110331675234,158.70872612780164
74.23758448494421,21.8257630775021,153.25137545003275,168.91635678168922
109.48863383033584,51.341117307841145,186.20949550196107,151.52951978101194
119.52384348926046,27.44509673458318,187.47845372069634,161.33505314957415
85.15076144000025,11.66443471873073,134.8780419187763,159.82006511754403
100.41725228964533,30.323902715300793,137.3921891276676,160.55109233849683
107.32598942264998,34.357210277707885,183.43060045954087,167.9723682985805
93.31302066399806,47.72527909032814,155.41873282833458,158.80396507287188
91.81119279732762,17.010818410737794,197.62491507825115,156.2423482746324
105.74243018801768,14.931023386464798,186.53387465846328,159.75779005358305
121.70515745300946,5.1492811795851345,190.96483722108914,151.14393074315285
112.76832950421996,2.5157466068718364,142.05790021168272,156.52702483600413
123.79503057479488,22.13099264593931,187.4919499636035,158.7647729762952
95.74909663132071,27.272040886921413,113.86208362989306,158.42517367779757
85.75604105640488,18.729209378204942,79.47095406320297,159.2074352285739
108.97191331249495,19.569529011688054,102.34555682721644,157.6079359024826
79.15372223057949,84.93800306217736,190.4469622553923,153.0982189565266
89.71203556483158,46.87201496949839,195.4333788121484,157.30596188382214
101.27598248696532,18.315884294414122,164.1003409825958,160.83984358750016
105.3233173804591,16.292707858284864,186.82851756084762,144.31244227212946
82.88010312623103,163.29147204731768,197.61906420880928,159.28636151822772
84.6806418833393,27.778487131543287,168.3811352968262,155.5126727329787
93.55546327300915,27.51273596886657,189.48565631813554,161.34211171935095
105.66534432888268,29.61319905977647,171.93572434600472,162.19009992133272
105.25765898206397,92.45287832339088,166.60081606563742,143.57574978584915
79.18914419202328,23.990985165634743,192.4736144325137,157.24476743780113
115.24075457668255,29.434737029889533,196.7000252780238,157.3132406237193
111.54646180767543,33.51373085524252,193.50129241698986,150.05200518291355
74.83073721495101,46.46719937588109,197.28316105002173,158.2794058230143
138.86807264107475,15.834933273548284,156.59146207131232,159.93584800102298
92.97415318041628,4.853073818302281,124.93411398376422,156.7301525205685
113.47301290429564,12.203878005865121,184.96467656002315,146.68081294693332
89.954094825802,59.04820823380347,186.29584689062142,154.64249152667566
100.29595794337071,7.444449438960946,189.40829141102498,171.16690912797853
